Wk,Date,Day,Winner,Pts,Loser,Pts
20,1/9/2012,Mon, Alabama,21,LSU,0
20,1/9/2012,Mon, Alabama,21,LSU,0
9,10/29/2011,Sat, Oklahoma,58, Kansas State,17
10,11/5/2011,Sat, Arkansas,44, South Carolina,28
5,10/1/2011,Sat,Auburn,16, South Carolina,13
4,9/24/2011,Sat, Clemson,35, Florida State,30
20,1/6/2012,Fri, Arkansas,29, Kansas State,16
7,10/15/2011,Sat, Michigan State,28, Michigan,14
14,12/3/2011,Sat, Wisconsin,42, Michigan State,39
14,12/3/2011,Sat, Wisconsin,42, Michigan State,39
6,10/8/2011,Sat, Oklahoma,55, Texas,17
6,10/8/2011,Sat,Oklahoma,55, Texas,17
5,10/1/2011,Sat, Clemson,23, Virginia Tech,3
8,10/21/2011,Fri,Syracuse,49, West Virginia,23
5,10/1/2011,Sat, Alabama,38, Florida,10
14,12/3/2011,Sat,LSU,42, Georgia,10
7,10/15/2011,Sat,Virginia,24, Georgia Tech,21
11,11/12/2011,Sat, Nebraska,17, Penn State,14
9,10/29/2011,Sat,Ohio State,33, Wisconsin,29
10,11/5/2011,Sat,Iowa,24, Michigan,16
14,12/3/2011,Sat, Oklahoma State,44, Oklahoma,10
4,9/24/2011,Sat, Alabama,38, Arkansas,14
20,1/4/2012,Wed,West Virginia,70, Clemson,33
5,10/1/2011,Sat, Arkansas,42, Texas A&M,38
1,9/2/2011,Fri,Baylor,50,TCU,48
6,10/8/2011,Sat,Arkansas,38, Auburn,14
5,10/1/2011,Sat,Kansas State,36, Baylor,35
3,9/17/2011,Sat,Notre Dame,31, Michigan State,13
7,10/15/2011,Sat,Ohio State,17, Illinois,7
2,9/10/2011,Sat,Auburn,41, Mississippi State,34
1,9/3/2011,Sat,South Florida,23,Notre Dame,20
5,9/29/2011,Thu,Pittsburgh,44, South Florida,17
9,10/29/2011,Sat,Missouri,38,Texas A&M,31
4,9/24/2011,Sat,LSU,47, West Virginia,21
6,10/8/2011,Sat,LSU,41, Florida,11
10,11/5/2011,Sat,Oklahoma State,52, Kansas State,45
12,11/19/2011,Sat, Michigan,45, Nebraska,17
3,9/17/2011,Sat,Miami (Florida),24, Ohio State,6
20,1/3/2012,Tue, Michigan,23, Virginia Tech,20
20,1/3/2012,Tue, Michigan,23, Virginia Tech,20
7,10/15/2011,Sat, Oregon,41, Arizona State,27
13,11/26/2011,Sat, South Carolina,34, Clemson,13
19,1/2/2012,Mon,Michigan State,33, Georgia,30
8,10/22/2011,Sat,LSU,45, Auburn,10
1,9/3/2011,Sat, Boise State,35, Georgia,21
9,10/29/2011,Sat,Iowa State,41, Texas Tech,7
10,11/5/2011,Sat,LSU,9, Alabama,6
12,11/18/2011,Fri,Iowa State,37,Oklahoma State,31
10,11/5/2011,Sat,UCLA,29, Arizona State,28
7,10/15/2011,Sat, Texas A&M,55, Baylor,28
11,11/10/2011,Thu, Virginia Tech,37, Georgia Tech,26
8,10/22/2011,Sat,Miami (Florida),24,Georgia Tech,7
13,11/26/2011,Sat, Wisconsin,45, Penn State,7
9,10/29/2011,Sat, Stanford,56,USC,48
5,10/1/2011,Sat,Southern Methodist,40,TCU,33
3,9/17/2011,Sat,Clemson,38, Auburn,24
2,9/9/2011,Fri,Arizona State,37, Missouri,30
19,1/2/2012,Mon, South Carolina,30, Nebraska,13
19,1/2/2012,Mon, South Carolina,30, Nebraska,13
11,11/12/2011,Sat,Missouri,17, Texas,5
3,9/17/2011,Sat,Illinois,17, Arizona State,14
13,11/26/2011,Sat,Stanford,28, Notre Dame,14
12,11/17/2011,Thu,Alabama-Birmingham,34, Southern Mississippi,31
7,10/15/2011,Sat, Oklahoma State,38, Texas,26
8,10/22/2011,Sat, Stanford,65, Washington,21
11,11/12/2011,Sat,West Virginia,24, Cincinnati,21
12,11/19/2011,Sat,Virginia,14,Florida State,13
6,10/8/2011,Sat,Wake Forest,35, Florida State,30
8,10/22/2011,Sat,Purdue,21, Illinois,14
2,9/10/2011,Sat, Alabama,27,Penn State,11
4,9/24/2011,Sat,Arizona State,43,USC,22
11,11/12/2011,Sat, Georgia,45, Auburn,7
19,1/2/2012,Mon, Houston,30, Penn State,14
13,11/26/2011,Sat, Virginia Tech,38, Virginia,0
10,11/5/2011,Sat,Louisville,38, West Virginia,35
13,11/26/2011,Sat, Georgia,31, Georgia Tech,17
3,9/15/2011,Thu,LSU,19, Mississippi State,6
13,11/25/2011,Fri,LSU,41, Arkansas,17
8,10/22/2011,Sat,Texas Tech,41,Oklahoma,38
1,9/3/2011,Sat,LSU,40,Oregon,27
11,11/12/2011,Sat, Oregon,53,Stanford,30
12,11/19/2011,Sat, Southern California,38, Oregon,35
19,1/2/2012,Mon,Oklahoma State,41, Stanford,38
8,10/22/2011,Sat, Michigan State,37, Wisconsin,31
11,11/12/2011,Sat,TCU,36, Boise State,35
3,9/17/2011,Sat, Oklahoma,23,Florida State,13
12,11/19/2011,Sat, Baylor,45,Oklahoma,38
14,12/3/2011,Sat, Clemson,38,Virginia Tech,10
9,10/29/2011,Sat,Georgia Tech,31, Clemson,17
12,11/19/2011,Sat,North Carolina State,37, Clemson,13
14,12/3/2011,Sat, Southern Mississippi,49,Houston,28
5,10/1/2011,Sat, Wisconsin,48, Nebraska,17
4,9/24/2011,Sat,Oklahoma State,30, Texas A&M,29
9,10/29/2011,Sat, Nebraska,24,Michigan State,3
10,11/5/2011,Sat,Northwestern,28, Nebraska,25
19,1/2/2012,Mon, Oregon,45, Wisconsin,38
8,10/22/2011,Sat, Boise State,37,Air Force,26
2,9/10/2011,Sat, Texas Christian,35,Air Force,19
6,10/8/2011,Sat,Notre Dame,59,Air Force,33
7,10/13/2011,Thu,San Diego State,41,Air Force,27
18,12/28/2011,Wed,Toledo,42,Air Force,41
11,11/12/2011,Sat,Wyoming,25,Air Force,17
1,9/3/2011,Sat, Ohio State,42,Akron,0
12,11/19/2011,Sat,Buffalo,51,Akron,10
9,10/29/2011,Sat,Central Michigan,23,Akron,22
3,9/17/2011,Sat,Cincinnati,59,Akron,14
5,10/1/2011,Sat,Eastern Michigan,31,Akron,23
6,10/8/2011,Sat,Florida International,27,Akron,17
11,11/12/2011,Sat,Kent State,35,Akron,3
10,11/3/2011,Thu,Miami (OH),35,Akron,3
8,10/22/2011,Sat,Ohio,37,Akron,20
2,9/10/2011,Sat,Temple,41,Akron,3
13,11/25/2011,Fri,Western Michigan,68,Akron,19
2,9/10/2011,Sat,Eastern Michigan,14,Alabama State,7
2,9/10/2011,Sat, Florida,39,Alabama-Birmingham,0
10,11/5/2011,Sat, Houston,56,Alabama-Birmingham,13
4,9/24/2011,Sat,East Carolina,28,Alabama-Birmingham,23
13,11/26/2011,Sat,Florida Atlantic,38,Alabama-Birmingham,35
9,10/29/2011,Sat,Marshall,59,Alabama-Birmingham,14
6,10/8/2011,Sat,Mississippi State,21,Alabama-Birmingham,3
5,10/1/2011,Sat,Troy,24,Alabama-Birmingham,23
3,9/17/2011,Sat,Tulane,49,Alabama-Birmingham,10
7,10/15/2011,Sat,Tulsa,37,Alabama-Birmingham,20
1,9/3/2011,Sat, Virginia Tech,66,Appalachian State,13
4,9/24/2011,Sat, Oregon,56,Arizona,31
11,11/12/2011,Sat,Colorado,48,Arizona,29
2,9/8/2011,Thu,Oklahoma State,37,Arizona,14
6,10/8/2011,Sat,Oregon State,37,Arizona,27
5,10/1/2011,Sat,USC,48,Arizona,41
3,9/17/2011,Sat,Stanford,37,Arizona,10
10,11/5/2011,Sat,Utah,34,Arizona,21
9,10/29/2011,Sat,Washington,42,Arizona,31
17,12/22/2011,Thu, Boise State,56,Arizona State,24
17,12/22/2011,Thu, Boise State,56,Arizona State,24
12,11/19/2011,Sat,Arizona,31,Arizona State,27
13,11/25/2011,Fri,California,47,Arizona State,38
11,11/12/2011,Sat,Washington State,37,Arizona State,27
3,9/17/2011,Sat, Virginia Tech,26,Arkansas State,7
1,9/3/2011,Sat,Illinois,33,Arkansas State,15
20,1/8/2012,Sun,Northern Illinois,38,Arkansas State,20
20,1/8/2012,Sun,Northern Illinois,38,Arkansas State,20
10,11/5/2011,Sat,Air Force,24,Army,14
4,9/24/2011,Sat,Ball State,48,Army,21
6,10/8/2011,Sat,Miami (OH),35,Army,28
15,12/10/2011,Sat,Navy,27,Army,21
1,9/3/2011,Sat,Northern Illinois,49,Army,26
11,11/12/2011,Sat,Rutgers,27,Army,12
2,9/10/2011,Sat,San Diego State,23,Army,20
12,11/19/2011,Sat,Temple,42,Army,14
8,10/22/2011,Sat,Vanderbilt,44,Army,21
13,11/26/2011,Sat, Alabama,42,Auburn,14
1,9/3/2011,Sat,Cincinnati,72,Austin Peay,10
3,9/17/2011,Sat,Memphis,27,Austin Peay,6
5,10/1/2011,Sat, Oklahoma,62,Ball State,6
12,11/15/2011,Tue,Northern Illinois,41,Ball State,38
2,9/10/2011,Sat,South Florida,37,Ball State,7
6,10/8/2011,Sat,Temple,42,Ball State,0
13,11/25/2011,Fri,Toledo,45,Ball State,28
9,10/29/2011,Sat,Western Michigan,45,Ball State,35
9,10/29/2011,Sat, Oklahoma State,59,Baylor,24
5,10/1/2011,Sat,Miami (Florida),45,Bethune-Cookman,14
6,10/8/2011,Sat, Clemson,36,Boston College,14
12,11/19/2011,Sat, Notre Dame,16,Boston College,14
8,10/22/2011,Sat, Virginia Tech,30,Boston College,14
2,9/10/2011,Sat,Central Florida,30,Boston College,3
3,9/17/2011,Sat,Duke,20,Boston College,19
10,11/3/2011,Thu,Florida State,38,Boston College,7
1,9/3/2011,Sat,Northwestern,24,Boston College,17
5,10/1/2011,Sat,Wake Forest,27,Boston College,19
9,10/29/2011,Sat,Kent State,27,Bowling Green State,15
11,11/8/2011,Tue,Northern Illinois,45,Bowling Green State,14
12,11/16/2011,Wed,Ohio,29,Bowling Green State,28
7,10/15/2011,Sat,Toledo,28,Bowling Green State,21
5,10/1/2011,Sat,West Virginia,55,Bowling Green State,10
6,10/8/2011,Sat,Western Michigan,45,Bowling Green State,21
3,9/17/2011,Sat,Wyoming,28,Bowling Green State,27
2,9/10/2011,Sat, Texas,17,Brigham Young,16
9,10/28/2011,Fri,TCU,38,Brigham Young,28
3,9/17/2011,Sat,Utah,54,Brigham Young,10
3,9/17/2011,Sat,Ball State,28,Buffalo,25
13,11/25/2011,Fri,Bowling Green State,42,Buffalo,28
4,9/24/2011,Sat,Connecticut,17,Buffalo,3
11,11/12/2011,Sat,Eastern Michigan,30,Buffalo,17
9,10/29/2011,Sat,Miami (OH),41,Buffalo,13
8,10/22/2011,Sat,Northern Illinois,31,Buffalo,30
1,9/3/2011,Sat,Pittsburgh,35,Buffalo,16
7,10/15/2011,Sat,Temple,34,Buffalo,0
5,10/1/2011,Sat,Tennessee,41,Buffalo,10
4,9/24/2011,Sat,Northern Illinois,47,Cal Poly,30
1,9/3/2011,Sat,San Diego State,49,Cal Poly,21
12,11/19/2011,Sat, Stanford,31,California,28
6,10/6/2011,Thu,Oregon,43,California,15
7,10/13/2011,Thu,USC,30,California,9
18,12/28/2011,Wed,Texas,21,California,10
18,12/28/2011,Wed,Texas,21,California,10
9,10/29/2011,Sat,UCLA,31,California,14
4,9/24/2011,Sat,Washington,31,California,23
1,9/1/2011,Thu,Arizona State,48,California-Davis,14
4,9/24/2011,Sat,Hawaii,56,California-Davis,14
4,9/24/2011,Sat,Arkansas State,53,Central Arkansas,24
2,9/10/2011,Sat,Louisiana Tech,48,Central Arkansas,42
11,11/12/2011,Sat, Southern Mississippi,30,Central Florida,29
8,10/20/2011,Thu,Alabama-Birmingham,26,Central Florida,24
4,9/23/2011,Fri,Brigham Young,24,Central Florida,17
12,11/19/2011,Sat,East Carolina,38,Central Florida,31
3,9/17/2011,Sat,Florida International,17,Central Florida,10
7,10/15/2011,Sat,Southern Methodist,38,Central Florida,17
10,11/3/2011,Thu,Tulsa,24,Central Florida,17
8,10/22/2011,Sat,Ball State,31,Central Michigan,27
7,10/15/2011,Sat,Eastern Michigan,35,Central Michigan,28
10,11/4/2011,Fri,Kent State,24,Central Michigan,21
2,9/10/2011,Sat,Kentucky,27,Central Michigan,13
4,9/24/2011,Sat,Michigan State,45,Central Michigan,7
6,10/8/2011,Sat,North Carolina State,38,Central Michigan,24
11,11/10/2011,Thu,Ohio,43,Central Michigan,28
12,11/18/2011,Fri,Toledo,44,Central Michigan,17
3,9/17/2011,Sat,Western Michigan,44,Central Michigan,14
2,9/10/2011,Sat, Florida State,62,Charleston Southern,10
1,9/3/2011,Sat,Central Florida,62,Charleston Southern,0
1,9/3/2011,Sat, Nebraska,40,Chattanooga,7
12,11/19/2011,Sat,Rutgers,20,Cincinnati,3
2,9/10/2011,Sat,Tennessee,45,Cincinnati,23
12,11/19/2011,Sat, South Carolina,41,Citadel,20
3,9/17/2011,Sat,Georgia,59,Coastal Carolina,0
9,10/29/2011,Sat, Arizona State,48,Colorado,14
8,10/22/2011,Sat, Oregon,45,Colorado,2
10,11/4/2011,Fri, Southern California,42,Colorado,17
6,10/8/2011,Sat, Stanford,48,Colorado,7
2,9/10/2011,Sat,California,36,Colorado,33
1,9/3/2011,Sat,Hawaii,34,Colorado,17
4,9/24/2011,Sat,Ohio State,37,Colorado,17
12,11/19/2011,Sat,UCLA,45,Colorado,6
7,10/15/2011,Sat,Washington,52,Colorado,24
5,10/1/2011,Sat,Washington State,31,Colorado,27
7,10/15/2011,Sat, Boise State,63,Colorado State,13
13,11/26/2011,Sat,Air Force,45,Colorado State,21
3,9/17/2011,Sat,Colorado,28,Colorado State,14
9,10/29/2011,Sat,Nevada-Las Vegas,38,Colorado State,35
11,11/12/2011,Sat,San Diego State,18,Colorado State,15
5,10/1/2011,Sat,San Jose State,38,Colorado State,31
12,11/19/2011,Sat,TCU,34,Colorado State,10
8,10/22/2011,Sat,Texas-El Paso,31,Colorado State,17
14,12/3/2011,Sat,Wyoming,22,Colorado State,19
6,10/8/2011,Sat, West Virginia,43,Connecticut,16
14,12/3/2011,Sat,Cincinnati,35,Connecticut,27
3,9/16/2011,Fri,Iowa State,24,Connecticut,20
12,11/19/2011,Sat,Louisville,34,Connecticut,20
9,10/26/2011,Wed,Pittsburgh,35,Connecticut,20
2,9/10/2011,Sat,Vanderbilt,24,Connecticut,21
5,10/1/2011,Sat,Western Michigan,38,Connecticut,31
1,9/3/2011,Sat,Navy,40,Delaware,17
2,9/10/2011,Sat, Stanford,44,Duke,14
9,10/29/2011,Sat, Virginia Tech,14,Duke,10
7,10/15/2011,Sat,Florida State,41,Duke,16
12,11/19/2011,Sat,Georgia Tech,38,Duke,31
10,11/5/2011,Sat,Miami (Florida),49,Duke,14
13,11/26/2011,Sat,North Carolina,37,Duke,21
1,9/3/2011,Sat,Richmond,23,Duke,21
11,11/12/2011,Sat,Virginia,31,Duke,21
8,10/22/2011,Sat,Wake Forest,24,Duke,23
1,9/3/2011,Sat, South Carolina,56,East Carolina,37
1,9/3/2011,Sat, South Carolina,56,East Carolina,37
2,9/10/2011,Sat, Virginia Tech,17,East Carolina,10
6,10/8/2011,Sat,Houston,56,East Carolina,3
13,11/26/2011,Sat,Marshall,34,East Carolina,27
5,10/1/2011,Sat,North Carolina,35,East Carolina,20
10,11/5/2011,Sat,Southern Mississippi,48,East Carolina,28
11,11/12/2011,Sat,Texas-El Paso,22,East Carolina,17
2,9/10/2011,Sat,Northwestern,42,Eastern Illinois,21
1,9/3/2011,Sat,Kansas State,10,Eastern Kentucky,7
10,11/5/2011,Sat,Ball State,33,Eastern Michigan,31
12,11/19/2011,Sat,Kent State,28,Eastern Michigan,22
3,9/17/2011,Sat,Michigan,31,Eastern Michigan,3
13,11/25/2011,Fri,Northern Illinois,18,Eastern Michigan,12
4,9/24/2011,Sat,Penn State,34,Eastern Michigan,6
6,10/8/2011,Sat,Toledo,54,Eastern Michigan,16
1,9/3/2011,Sat,Washington,30,Eastern Washington,27
1,9/3/2011,Sat,Vanderbilt,45,Elon,14
7,10/15/2011,Sat, Auburn,17,Florida,6
9,10/29/2011,Sat, Georgia,24,Florida,20
9,10/29/2011,Sat, Georgia,24,Florida,20
11,11/12/2011,Sat, South Carolina,17,Florida,12
13,11/26/2011,Sat,Florida State,21,Florida,7
3,9/17/2011,Sat, South Florida,70,Florida A&M,17
2,9/10/2011,Sat, Michigan State,44,Florida Atlantic,0
10,11/5/2011,Sat,Arkansas State,39,Florida Atlantic,21
4,9/24/2011,Sat,Auburn,30,Florida Atlantic,14
1,9/3/2011,Sat,Florida,41,Florida Atlantic,3
11,11/12/2011,Sat,Florida International,41,Florida Atlantic,7
5,10/1/2011,Sat,Louisiana,37,Florida Atlantic,34
14,12/3/2011,Sat,Louisiana-Monroe,26,Florida Atlantic,0
8,10/22/2011,Sat,Middle Tennessee State,38,Florida Atlantic,14
6,10/8/2011,Sat,North Texas,31,Florida Atlantic,17
12,11/19/2011,Sat,Troy,34,Florida Atlantic,7
7,10/15/2011,Sat,Western Kentucky,20,Florida Atlantic,0
8,10/18/2011,Tue,Arkansas State,34,Florida International,16
5,10/1/2011,Sat,Duke,31,Florida International,27
4,9/24/2011,Sat,Louisiana,36,Florida International,31
17,12/20/2011,Tue,Marshall,20,Florida International,10
17,12/20/2011,Tue,Marshall,20,Florida International,10
10,11/5/2011,Sat,Western Kentucky,10,Florida International,9
9,10/29/2011,Sat,Army,55,Fordham,0
1,9/3/2011,Sat,Connecticut,35,Fordham,3
2,9/10/2011,Sat, Nebraska,42,Fresno State,29
6,10/7/2011,Fri,Boise State,57,Fresno State,7
1,9/3/2011,Sat,California,36,Fresno State,21
10,11/5/2011,Sat,Louisiana Tech,41,Fresno State,21
5,10/1/2011,Sat,Mississippi,38,Fresno State,28
8,10/22/2011,Sat,Nevada,45,Fresno State,38
11,11/12/2011,Sat,New Mexico State,48,Fresno State,45
14,12/3/2011,Sat,San Diego State,35,Fresno State,28
13,11/26/2011,Sat,San Jose State,27,Fresno State,24
12,11/19/2011,Sat,Florida,54,Furman,32
2,9/10/2011,Sat,Ohio,30,Gardner-Webb,3
3,9/17/2011,Sat,Wake Forest,48,Gardner-Webb,5
2,9/10/2011,Sat, South Carolina,45,Georgia,42
12,11/19/2011,Sat, Alabama,45,Georgia Southern,21
4,9/24/2011,Sat,Houston,56,Georgia State,0
18,12/31/2011,Sat,Utah,30,Georgia Tech,27
2,9/10/2011,Sat,Louisiana-Monroe,35,Grambling State,7
14,12/3/2011,Sat,Brigham Young,41,Hawaii,20
12,11/19/2011,Sat,Fresno State,24,Hawaii,21
11,11/12/2011,Sat,Nevada,42,Hawaii,28
3,9/17/2011,Sat,Nevada-Las Vegas,40,Hawaii,20
7,10/14/2011,Fri,San Jose State,28,Hawaii,27
10,11/5/2011,Sat,Utah State,35,Hawaii,31
2,9/10/2011,Sat,Washington,40,Hawaii,32
1,9/4/2011,Sun,Eastern Michigan,41,Howard,9
3,9/17/2011,Sat, Texas A&M,37,Idaho,7
1,9/1/2011,Thu,Bowling Green State,32,Idaho,15
11,11/12/2011,Sat,Brigham Young,42,Idaho,7
4,9/24/2011,Sat,Fresno State,48,Idaho,24
9,10/29/2011,Sat,Hawaii,16,Idaho,14
6,10/8/2011,Sat,Louisiana Tech,24,Idaho,11
14,12/3/2011,Sat,Nevada,56,Idaho,3
7,10/15/2011,Sat,New Mexico State,31,Idaho,24
12,11/19/2011,Sat,Utah State,49,Idaho,42
5,10/1/2011,Sat,Virginia,21,Idaho,20
8,10/22/2011,Sat,Brigham Young,56,Idaho State,3
1,9/3/2011,Sat,Washington State,64,Idaho State,21
11,11/12/2011,Sat, Michigan,31,Illinois,14
9,10/29/2011,Sat, Penn State,10,Illinois,7
12,11/19/2011,Sat, Wisconsin,28,Illinois,17
13,11/26/2011,Sat,Minnesota,27,Illinois,7
12,11/19/2011,Sat, Michigan State,55,Indiana,3
7,10/15/2011,Sat, Wisconsin,59,Indiana,7
1,9/3/2011,Sat,Ball State,27,Indiana,20
1,9/3/2011,Sat,Ball State,27,Indiana,20
6,10/8/2011,Sat,Illinois,41,Indiana,20
8,10/22/2011,Sat,Iowa,45,Indiana,24
4,9/24/2011,Sat,North Texas,24,Indiana,21
9,10/29/2011,Sat,Northwestern,59,Indiana,38
10,11/5/2011,Sat,Ohio State,34,Indiana,20
5,10/1/2011,Sat,Penn State,16,Indiana,10
13,11/26/2011,Sat,Purdue,33,Indiana,25
2,9/10/2011,Sat,Virginia,34,Indiana,31
1,9/3/2011,Sat,Penn State,41,Indiana State,7
11,11/12/2011,Sat, Michigan State,37,Iowa,21
13,11/25/2011,Fri, Nebraska,20,Iowa,7
18,12/30/2011,Fri, Oklahoma,31,Iowa,14
18,12/30/2011,Fri, Oklahoma,31,Iowa,14
2,9/10/2011,Sat,Iowa State,44,Iowa,41
9,10/29/2011,Sat,Minnesota,22,Iowa,21
6,10/8/2011,Sat,Penn State,13,Iowa,3
6,10/8/2011,Sat, Baylor,49,Iowa State,26
14,12/3/2011,Sat, Kansas State,30,Iowa State,23
13,11/26/2011,Sat, Oklahoma,26,Iowa State,6
5,10/1/2011,Sat, Texas,37,Iowa State,14
8,10/22/2011,Sat, Texas A&M,33,Iowa State,17
7,10/15/2011,Sat,Missouri,52,Iowa State,17
18,12/30/2011,Fri,Rutgers,27,Iowa State,13
8,10/22/2011,Sat,Kentucky,38,Jacksonville State,14
1,9/3/2011,Sat,North Carolina,42,James Madison,10
8,10/22/2011,Sat, Kansas State,59,Kansas,21
7,10/15/2011,Sat, Oklahoma,47,Kansas,17
6,10/8/2011,Sat, Oklahoma State,70,Kansas,28
11,11/12/2011,Sat,Baylor,31,Kansas,30
3,9/17/2011,Sat,Georgia Tech,66,Kansas,24
10,11/5/2011,Sat,Iowa State,13,Kansas,10
13,11/26/2011,Sat,Missouri,24,Kansas,10
9,10/29/2011,Sat,Texas,43,Kansas,0
12,11/19/2011,Sat,Texas A&M,61,Kansas,7
5,10/1/2011,Sat,Texas Tech,45,Kansas,34
1,9/3/2011,Sat, Alabama,48,Kent State,7
3,9/17/2011,Sat,Kansas State,37,Kent State,0
2,9/10/2011,Sat,Louisiana,20,Kent State,12
7,10/15/2011,Sat,Miami (OH),9,Kent State,3
6,10/8/2011,Sat,Northern Illinois,40,Kent State,10
5,10/1/2011,Sat,Ohio,17,Kent State,10
13,11/25/2011,Fri,Temple,34,Kent State,16
4,9/24/2011,Sat, Florida,48,Kentucky,10
12,11/19/2011,Sat, Georgia,19,Kentucky,10
5,10/1/2011,Sat,LSU,35,Kentucky,7
3,9/17/2011,Sat,Louisville,24,Kentucky,17
9,10/29/2011,Sat,Mississippi State,28,Kentucky,16
6,10/8/2011,Sat,South Carolina,54,Kentucky,3
11,11/12/2011,Sat,Vanderbilt,38,Kentucky,8
1,9/3/2011,Sat,North Carolina State,43,Liberty,21
1,9/3/2011,Sat, Oklahoma State,61,Louisiana,34
13,11/26/2011,Sat,Arizona,45,Louisiana,37
11,11/12/2011,Sat,Arkansas State,30,Louisiana,21
8,10/22/2011,Sat,Western Kentucky,42,Louisiana,23
17,12/21/2011,Wed, Texas Christian,31,Louisiana Tech,24
17,12/21/2011,Wed, Texas Christian,31,Louisiana Tech,24
5,10/1/2011,Sat,Hawaii,44,Louisiana Tech,26
3,9/17/2011,Sat,Houston,35,Louisiana Tech,34
4,9/24/2011,Sat,Mississippi State,26,Louisiana Tech,20
1,9/3/2011,Sat,Southern Mississippi,19,Louisiana Tech,17
1,9/3/2011,Sat, Florida State,34,Louisiana-Monroe,0
3,9/17/2011,Sat, Texas Christian,38,Louisiana-Monroe,17
6,10/8/2011,Sat,Arkansas State,24,Louisiana-Monroe,19
12,11/19/2011,Sat,Florida International,28,Louisiana-Monroe,17
4,9/24/2011,Sat,Iowa,45,Louisiana-Monroe,17
10,11/5/2011,Sat,Louisiana,36,Louisiana-Monroe,35
8,10/22/2011,Sat,North Texas,38,Louisiana-Monroe,21
9,10/29/2011,Sat,Western Kentucky,31,Louisiana-Monroe,28
7,10/15/2011,Sat,Cincinnati,25,Louisville,16
2,9/9/2011,Fri,Florida International,24,Louisville,17
5,10/1/2011,Sat,Marshall,17,Louisville,13
6,10/8/2011,Sat,North Carolina,14,Louisville,7
18,12/27/2011,Tue,North Carolina State,31,Louisville,24
18,12/27/2011,Tue,North Carolina State,31,Louisville,24
11,11/12/2011,Sat,Pittsburgh,21,Louisville,14
2,9/10/2011,Sat,Pittsburgh,35,Maine,29
8,10/22/2011,Sat, Houston,63,Marshall,28
1,9/4/2011,Sun, West Virginia,34,Marshall,13
6,10/8/2011,Sat,Central Florida,16,Marshall,6
3,9/17/2011,Sat,Ohio,44,Marshall,7
11,11/12/2011,Sat,Tulsa,59,Marshall,17
4,9/24/2011,Sat,Virginia Tech,30,Marshall,10
7,10/15/2011,Sat, Clemson,56,Maryland,45
6,10/8/2011,Sat, Georgia Tech,21,Maryland,16
3,9/17/2011,Sat, West Virginia,37,Maryland,31
9,10/29/2011,Sat,Boston College,28,Maryland,17
8,10/22/2011,Sat,Florida State,41,Maryland,16
13,11/26/2011,Sat,North Carolina State,56,Maryland,41
11,11/12/2011,Sat,Notre Dame,45,Maryland,21
11,11/12/2011,Sat,Notre Dame,45,Maryland,21
4,9/24/2011,Sat,Temple,38,Maryland,7
10,11/5/2011,Sat,Virginia,31,Maryland,13
12,11/19/2011,Sat,Wake Forest,31,Maryland,10
4,9/24/2011,Sat,Boston College,45,Massachusetts,17
1,9/3/2011,Sat,Kansas,42,McNeese State,24
11,11/12/2011,Sat,Alabama-Birmingham,41,Memphis,35
2,9/10/2011,Sat,Arkansas State,47,Memphis,3
9,10/29/2011,Sat,Central Florida,41,Memphis,0
7,10/15/2011,Sat,East Carolina,35,Memphis,17
12,11/17/2011,Thu,Marshall,23,Memphis,22
5,10/1/2011,Sat,Middle Tennessee State,38,Memphis,31
1,9/1/2011,Thu,Mississippi State,59,Memphis,14
6,10/8/2011,Sat,Rice,28,Memphis,6
4,9/24/2011,Sat,Southern Methodist,42,Memphis,0
13,11/26/2011,Sat,Southern Mississippi,44,Memphis,7
6,10/8/2011,Sat, Virginia Tech,38,Miami (Florida),35
13,11/25/2011,Fri,Boston College,24,Miami (Florida),17
11,11/12/2011,Sat,Florida State,23,Miami (Florida),19
4,9/24/2011,Sat,Kansas State,28,Miami (Florida),24
1,9/5/2011,Mon,Maryland,32,Miami (Florida),24
9,10/27/2011,Thu,Virginia,28,Miami (Florida),21
4,9/24/2011,Sat,Bowling Green State,37,Miami (OH),23
5,10/1/2011,Sat,Cincinnati,27,Miami (OH),0
3,9/17/2011,Sat,Minnesota,29,Miami (OH),23
1,9/3/2011,Sat,Missouri,17,Miami (OH),6
13,11/22/2011,Tue,Ohio,21,Miami (OH),14
11,11/9/2011,Wed,Temple,24,Miami (OH),21
8,10/22/2011,Sat,Toledo,49,Miami (OH),28
12,11/16/2011,Wed,Western Michigan,24,Miami (OH),21
12,11/19/2011,Sat,Arkansas State,45,Middle Tennessee State,19
13,11/26/2011,Sat,Florida International,31,Middle Tennessee State,18
2,9/10/2011,Sat,Georgia Tech,49,Middle Tennessee State,21
9,10/29/2011,Sat,Louisiana,45,Middle Tennessee State,20
11,11/12/2011,Sat,Louisiana-Monroe,42,Middle Tennessee State,14
14,12/3/2011,Sat,North Texas,59,Middle Tennessee State,7
1,9/3/2011,Sat,Purdue,27,Middle Tennessee State,24
10,11/5/2011,Sat,Tennessee,24,Middle Tennessee State,0
4,9/24/2011,Sat,Troy,38,Middle Tennessee State,35
6,10/6/2011,Thu,Western Kentucky,36,Middle Tennessee State,33
5,10/1/2011,Sat, Michigan,58,Minnesota,0
10,11/5/2011,Sat, Michigan State,31,Minnesota,24
8,10/22/2011,Sat, Nebraska,41,Minnesota,14
1,9/3/2011,Sat, Southern California,19,Minnesota,17
11,11/12/2011,Sat, Wisconsin,42,Minnesota,13
2,9/10/2011,Sat,New Mexico State,28,Minnesota,21
4,9/24/2011,Sat,North Dakota State,37,Minnesota,24
12,11/19/2011,Sat,Northwestern,28,Minnesota,13
6,10/8/2011,Sat,Purdue,45,Minnesota,17
7,10/15/2011,Sat, Alabama,52,Mississippi,7
8,10/22/2011,Sat, Arkansas,29,Mississippi,24
12,11/19/2011,Sat,LSU,52,Mississippi,3
9,10/29/2011,Sat,Auburn,41,Mississippi,23
1,9/3/2011,Sat,Brigham Young,14,Mississippi,13
4,9/24/2011,Sat,Georgia,27,Mississippi,13
10,11/5/2011,Sat,Kentucky,30,Mississippi,13
11,11/12/2011,Sat,Louisiana Tech,27,Mississippi,7
13,11/26/2011,Sat,Mississippi State,31,Mississippi,3
3,9/17/2011,Sat,Vanderbilt,30,Mississippi,7
11,11/12/2011,Sat, Alabama,24,Mississippi State,7
12,11/19/2011,Sat, Arkansas,44,Mississippi State,17
7,10/15/2011,Sat, South Carolina,14,Mississippi State,12
5,10/1/2011,Sat,Georgia,24,Mississippi State,10
6,10/8/2011,Sat, Kansas State,24,Missouri,17
4,9/24/2011,Sat, Oklahoma,38,Missouri,28
8,10/22/2011,Sat, Oklahoma State,45,Missouri,24
10,11/5/2011,Sat,Baylor,42,Missouri,39
1,9/3/2011,Sat, Arkansas,51,Missouri State,7
3,9/17/2011,Sat,Oregon,56,Missouri State,7
1,9/3/2011,Sat,Tennessee,42,Montana,16
1,9/1/2011,Thu,Utah,27,Montana State,10
2,9/10/2011,Sat,Bowling Green State,58,Morgan State,13
1,9/1/2011,Thu,Louisville,21,Murray State,9
3,9/17/2011,Sat, South Carolina,24,Navy,21
5,10/1/2011,Sat,Air Force,35,Navy,34
8,10/22/2011,Sat,East Carolina,38,Navy,35
9,10/29/2011,Sat,Notre Dame,56,Navy,14
7,10/15/2011,Sat,Rutgers,21,Navy,20
12,11/19/2011,Sat,San Jose State,27,Navy,24
6,10/8/2011,Sat,Southern Mississippi,63,Navy,35
2,9/10/2011,Sat, Oregon,69,Nevada,20
17,12/24/2011,Sat, Southern Mississippi,24,Nevada,17
5,10/1/2011,Sat,Boise State,30,Nevada,10
12,11/19/2011,Sat,Louisiana Tech,24,Nevada,20
17,12/24/2011,Sat,Southern Mississippi,24,Nevada,17
4,9/24/2011,Sat,Texas Tech,35,Nevada,34
13,11/26/2011,Sat,Utah State,21,Nevada,17
10,11/5/2011,Sat, Boise State,48,Nevada-Las Vegas,21
14,12/3/2011,Sat, Texas Christian,56,Nevada-Las Vegas,9
1,9/1/2011,Thu, Wisconsin,51,Nevada-Las Vegas,17
12,11/19/2011,Sat,Air Force,45,Nevada-Las Vegas,17
6,10/8/2011,Sat,Nevada,37,Nevada-Las Vegas,0
11,11/12/2011,Sat,New Mexico,21,Nevada-Las Vegas,14
13,11/26/2011,Sat,San Diego State,31,Nevada-Las Vegas,14
4,9/24/2011,Sat,Southern Utah,41,Nevada-Las Vegas,16
2,9/10/2011,Sat,Washington State,59,Nevada-Las Vegas,7
7,10/15/2011,Sat,Wyoming,41,Nevada-Las Vegas,14
1,9/1/2011,Thu,Toledo,58,New Hampshire,22
2,9/10/2011,Sat, Arkansas,52,New Mexico,3
14,12/3/2011,Sat, Boise State,45,New Mexico,0
9,10/29/2011,Sat,Air Force,42,New Mexico,0
1,9/3/2011,Sat,Colorado State,14,New Mexico,10
7,10/15/2011,Sat,Nevada,49,New Mexico,7
5,10/1/2011,Sat,New Mexico State,42,New Mexico,28
4,9/24/2011,Sat,Sam Houston State,48,New Mexico,45
10,11/5/2011,Sat,San Diego State,35,New Mexico,7
8,10/22/2011,Sat,TCU,69,New Mexico,0
3,9/17/2011,Sat,Texas Tech,59,New Mexico,13
12,11/19/2011,Sat,Wyoming,31,New Mexico,10
12,11/19/2011,Sat,Brigham Young,42,New Mexico State,7
10,11/5/2011,Sat,Georgia,63,New Mexico State,16
8,10/22/2011,Sat,Hawaii,45,New Mexico State,34
13,11/26/2011,Sat,Louisiana Tech,44,New Mexico State,0
9,10/29/2011,Sat,Nevada,48,New Mexico State,34
1,9/3/2011,Sat,Ohio,44,New Mexico State,24
4,9/24/2011,Sat,San Jose State,34,New Mexico State,24
3,9/17/2011,Sat,Texas-El Paso,16,New Mexico State,10
14,12/3/2011,Sat,Utah State,24,New Mexico State,21
3,9/17/2011,Sat,Louisiana,38,Nicholls State,21
2,9/10/2011,Sat,Western Michigan,38,Nicholls State,7
2,9/10/2011,Sat, West Virginia,55,Norfolk State,12
8,10/22/2011,Sat, Clemson,59,North Carolina,38
4,9/24/2011,Sat, Georgia Tech,35,North Carolina,28
12,11/17/2011,Thu, Virginia Tech,24,North Carolina,21
7,10/15/2011,Sat,Miami (Florida),30,North Carolina,24
17,12/26/2011,Mon,Missouri,41,North Carolina,24
10,11/5/2011,Sat,North Carolina State,13,North Carolina,0
1,9/1/2011,Thu,Rutgers,48,North Carolina Central,0
5,10/1/2011,Sat, Georgia Tech,45,North Carolina State,35
11,11/12/2011,Sat,Boston College,14,North Carolina State,10
4,9/22/2011,Thu,Cincinnati,44,North Carolina State,14
9,10/29/2011,Sat,Florida State,34,North Carolina State,0
2,9/10/2011,Sat,Wake Forest,34,North Carolina State,27
3,9/17/2011,Sat,Fresno State,27,North Dakota,22
2,9/10/2011,Sat,Idaho,44,North Dakota,14
3,9/17/2011,Sat, Alabama,41,North Texas,0
9,10/29/2011,Sat,Arkansas State,37,North Texas,14
1,9/1/2011,Thu,Florida International,41,North Texas,16
2,9/10/2011,Sat,Houston,48,North Texas,23
7,10/15/2011,Sat,Louisiana,30,North Texas,10
5,10/1/2011,Sat,Tulsa,41,North Texas,24
12,11/19/2011,Sat,Western Kentucky,31,North Texas,21
1,9/3/2011,Sat,Arizona,41,Northern Arizona,10
2,9/10/2011,Sat,Colorado State,33,Northern Colorado,14
3,9/17/2011,Sat, Wisconsin,49,Northern Illinois,7
3,9/17/2011,Sat, Wisconsin,49,Northern Illinois,7
5,10/1/2011,Sat,Central Michigan,48,Northern Illinois,41
2,9/10/2011,Sat,Kansas,45,Northern Illinois,42
1,9/3/2011,Sat,Iowa State,20,Northern Iowa,19
5,10/1/2011,Sat, Illinois,38,Northwestern,35
6,10/8/2011,Sat, Michigan,42,Northwestern,24
13,11/26/2011,Sat, Michigan State,31,Northwestern,17
3,9/17/2011,Sat,Army,21,Northwestern,14
7,10/15/2011,Sat,Iowa,41,Northwestern,31
8,10/22/2011,Sat,Penn State,34,Northwestern,24
18,12/31/2011,Sat,Texas A&M,33,Northwestern,22
2,9/10/2011,Sat,LSU,49,Northwestern State,3
3,9/17/2011,Sat,Southern Methodist,40,Northwestern State,7
18,12/29/2011,Thu, Florida State,18,Notre Dame,14
2,9/10/2011,Sat,Michigan,35,Notre Dame,31
8,10/22/2011,Sat,USC,31,Notre Dame,17
7,10/15/2011,Sat,Ball State,23,Ohio,20
6,10/8/2011,Sat,Buffalo,38,Ohio,37
14,12/2/2011,Fri,Northern Illinois,23,Ohio,20
4,9/24/2011,Sat,Rutgers,38,Ohio,26
13,11/26/2011,Sat, Michigan,40,Ohio State,34
6,10/8/2011,Sat, Nebraska,34,Ohio State,27
12,11/19/2011,Sat, Penn State,20,Ohio State,14
19,1/2/2012,Mon,Florida,24,Ohio State,17
19,1/2/2012,Mon,Florida,24,Ohio State,17
5,10/1/2011,Sat,Michigan State,10,Ohio State,7
11,11/12/2011,Sat,Purdue,26,Ohio State,23
5,10/1/2011,Sat, Arizona State,35,Oregon State,20
13,11/26/2011,Sat, Oregon,49,Oregon State,21
10,11/5/2011,Sat, Stanford,38,Oregon State,13
7,10/15/2011,Sat,Brigham Young,38,Oregon State,28
11,11/12/2011,Sat,California,23,Oregon State,6
1,9/3/2011,Sat,Sacramento State,29,Oregon State,28
4,9/24/2011,Sat,UCLA,27,Oregon State,19
9,10/29/2011,Sat,Utah,27,Oregon State,8
2,9/10/2011,Sat,Wisconsin,35,Oregon State,0
10,11/5/2011,Sat, Cincinnati,26,Pittsburgh,23
3,9/17/2011,Sat,Iowa,31,Pittsburgh,27
4,9/24/2011,Sat,Notre Dame,15,Pittsburgh,12
6,10/8/2011,Sat,Rutgers,34,Pittsburgh,10
20,1/7/2012,Sat,Southern Methodist,28,Pittsburgh,6
7,10/15/2011,Sat,Utah,26,Pittsburgh,14
13,11/25/2011,Fri,West Virginia,21,Pittsburgh,20
4,9/24/2011,Sat,TCU,55,Portland State,13
3,9/17/2011,Sat,California,63,Presbyterian,12
9,10/29/2011,Sat, Michigan,36,Purdue,14
10,11/5/2011,Sat, Wisconsin,62,Purdue,17
12,11/19/2011,Sat,Iowa,31,Purdue,21
5,10/1/2011,Sat,Notre Dame,38,Purdue,10
7,10/15/2011,Sat,Penn State,23,Purdue,18
2,9/10/2011,Sat,Rice,24,Purdue,22
2,9/10/2011,Sat,Syracuse,21,Rhode Island,14
4,9/24/2011,Sat, Baylor,56,Rice,31
9,10/27/2011,Thu, Houston,73,Rice,34
7,10/15/2011,Sat,Marshall,24,Rice,20
11,11/12/2011,Sat,Northwestern,28,Rice,6
13,11/26/2011,Sat,Southern Methodist,27,Rice,24
5,10/1/2011,Sat,Southern Mississippi,48,Rice,24
1,9/3/2011,Sat,Texas,34,Rice,9
8,10/22/2011,Sat,Tulsa,38,Rice,20
9,10/29/2011,Sat, West Virginia,41,Rutgers,31
13,11/26/2011,Sat,Connecticut,40,Rutgers,22
8,10/21/2011,Fri,Louisville,16,Rutgers,14
2,9/10/2011,Sat,North Carolina,24,Rutgers,22
12,11/19/2011,Sat,Auburn,35,Samford,16
12,11/19/2011,Sat, Boise State,52,San Diego State,35
4,9/24/2011,Sat, Michigan,28,San Diego State,7
16,12/17/2011,Sat,Louisiana,32,San Diego State,30
16,12/17/2011,Sat,Louisiana,32,San Diego State,30
6,10/8/2011,Sat,TCU,27,San Diego State,14
9,10/29/2011,Sat,Wyoming,30,San Diego State,27
6,10/8/2011,Sat,Brigham Young,29,San Jose State,16
10,11/5/2011,Sat,Idaho,32,San Jose State,29
9,10/29/2011,Sat,Louisiana Tech,38,San Jose State,28
3,9/17/2011,Sat,Nevada,17,San Jose State,14
1,9/3/2011,Sat,Stanford,57,San Jose State,3
2,9/10/2011,Sat,UCLA,27,San Jose State,17
11,11/12/2011,Sat,Utah State,34,San Jose State,33
4,9/24/2011,Sat,Kent State,33,South Alabama,25
3,9/17/2011,Sat,North Carolina State,35,South Alabama,13
1,9/1/2011,Thu,Central Michigan,21,South Carolina State,6
3,9/17/2011,Sat,Indiana,38,South Carolina State,21
4,9/24/2011,Sat, Wisconsin,59,South Dakota,10
1,9/3/2011,Sat,Air Force,37,South Dakota,20
2,9/10/2011,Sat,Illinois,56,South Dakota State,3
14,12/1/2011,Thu, West Virginia,30,South Florida,27
8,10/22/2011,Sat,Cincinnati,37,South Florida,34
7,10/15/2011,Sat,Connecticut,16,South Florida,10
13,11/25/2011,Fri,Louisville,34,South Florida,24
12,11/19/2011,Sat,Miami (Florida),6,South Florida,3
10,11/5/2011,Sat,Rutgers,20,South Florida,17
3,9/17/2011,Sat,Purdue,59,Southeast Missouri State,0
3,9/17/2011,Sat,Southern Mississippi,52,Southeastern Louisiana,6
1,9/3/2011,Sat,Tulane,47,Southeastern Louisiana,33
2,9/10/2011,Sat,Mississippi,42,Southern Illinois,24
12,11/19/2011,Sat, Houston,37,Southern Methodist,7
1,9/4/2011,Sun, Texas A&M,46,Southern Methodist,14
11,11/12/2011,Sat,Navy,24,Southern Methodist,17
8,10/22/2011,Sat,Southern Mississippi,27,Southern Methodist,3
9,10/29/2011,Sat,Tulsa,38,Southern Methodist,7
2,9/10/2011,Sat,Marshall,26,Southern Mississippi,20
3,9/17/2011,Sat, Baylor,48,Stephen F. Austin,0
2,9/10/2011,Sat,Buffalo,35,Stony Brook,7
1,9/3/2011,Sat,Texas-El Paso,31,Stony Brook,24
13,11/26/2011,Sat,Cincinnati,30,Syracuse,13
10,11/5/2011,Sat,Connecticut,28,Syracuse,21
9,10/29/2011,Sat,Louisville,27,Syracuse,10
14,12/3/2011,Sat,Pittsburgh,33,Syracuse,20
5,10/1/2011,Sat,Rutgers,19,Syracuse,16
11,11/11/2011,Fri,South Florida,37,Syracuse,17
3,9/17/2011,Sat,USC,38,Syracuse,17
8,10/22/2011,Sat,Bowling Green State,13,Temple,10
10,11/2/2011,Wed,Ohio,35,Temple,31
3,9/17/2011,Sat,Penn State,14,Temple,10
5,10/1/2011,Sat,Toledo,36,Temple,13
8,10/22/2011,Sat, Alabama,37,Tennessee,6
11,11/12/2011,Sat, Arkansas,49,Tennessee,7
7,10/15/2011,Sat,LSU,38,Tennessee,7
9,10/29/2011,Sat, South Carolina,14,Tennessee,3
3,9/17/2011,Sat,Florida,33,Tennessee,23
6,10/8/2011,Sat,Georgia,20,Tennessee,12
13,11/26/2011,Sat,Kentucky,10,Tennessee,7
4,9/24/2011,Sat,Air Force,63,Tennessee State,24
1,9/3/2011,Sat,Iowa,34,Tennessee Tech,7
10,11/5/2011,Sat,Mississippi State,55,Tennessee-Martin,17
14,12/3/2011,Sat, Baylor,48,Texas,24
12,11/19/2011,Sat, Kansas State,17,Texas,13
11,11/12/2011,Sat, Kansas State,53,Texas A&M,50
10,11/5/2011,Sat, Oklahoma,41,Texas A&M,25
13,11/24/2011,Thu,Texas,27,Texas A&M,25
1,9/3/2011,Sat,Texas Tech,50,Texas State,10
2,9/10/2011,Sat,Wyoming,45,Texas State,10
13,11/26/2011,Sat, Baylor,66,Texas Tech,42
7,10/15/2011,Sat, Kansas State,41,Texas Tech,34
11,11/12/2011,Sat, Oklahoma State,66,Texas Tech,6
6,10/8/2011,Sat, Texas A&M,45,Texas Tech,40
12,11/19/2011,Sat,Missouri,31,Texas Tech,27
10,11/5/2011,Sat,Texas,52,Texas Tech,20
4,9/24/2011,Sat, South Florida,52,Texas-El Paso,24
13,11/25/2011,Fri,Central Florida,31,Texas-El Paso,14
5,9/29/2011,Thu,Houston,49,Texas-El Paso,42
10,11/5/2011,Sat,Rice,41,Texas-El Paso,37
2,9/10/2011,Sat,Southern Methodist,28,Texas-El Paso,17
9,10/29/2011,Sat,Southern Mississippi,31,Texas-El Paso,13
12,11/19/2011,Sat,Tulsa,57,Texas-El Paso,28
3,9/16/2011,Fri, Boise State,40,Toledo,15
2,9/10/2011,Sat, Ohio State,27,Toledo,22
10,11/1/2011,Tue,Northern Illinois,63,Toledo,60
4,9/24/2011,Sat,Syracuse,33,Toledo,30
5,10/1/2011,Sat,Maryland,28,Towson,3
3,9/17/2011,Sat, Arkansas,38,Troy,28
14,12/3/2011,Sat,Arkansas State,45,Troy,14
1,9/3/2011,Sat,Clemson,43,Troy,19
9,10/25/2011,Tue,Florida International,23,Troy,20
6,10/8/2011,Sat,Louisiana,31,Troy,17
7,10/15/2011,Sat,Louisiana-Monroe,38,Troy,10
10,11/5/2011,Sat,Navy,42,Troy,14
11,11/12/2011,Sat,North Texas,38,Troy,33
13,11/26/2011,Sat,Western Kentucky,41,Troy,18
11,11/10/2011,Thu, Houston,73,Tulane,17
5,10/1/2011,Sat,Army,45,Tulane,6
4,9/24/2011,Sat,Duke,48,Tulane,27
9,10/29/2011,Sat,East Carolina,34,Tulane,13
13,11/26/2011,Sat,Hawaii,35,Tulane,23
8,10/22/2011,Sat,Memphis,33,Tulane,17
12,11/19/2011,Sat,Rice,19,Tulane,7
10,11/5/2011,Sat,Southern Methodist,45,Tulane,24
6,10/8/2011,Sat,Syracuse,37,Tulane,34
7,10/15/2011,Sat,Texas-El Paso,44,Tulane,7
2,9/10/2011,Sat,Tulsa,31,Tulane,3
4,9/24/2011,Sat, Boise State,41,Tulsa,21
13,11/25/2011,Fri, Houston,48,Tulsa,16
1,9/3/2011,Sat, Oklahoma,47,Tulsa,14
18,12/30/2011,Fri,Brigham Young,24,Tulsa,21
3,9/17/2011,Sat,Oklahoma State,59,Tulsa,33
14,12/2/2011,Fri, Oregon,49,UCLA,31
13,11/26/2011,Sat, Southern California,50,UCLA,0
5,10/1/2011,Sat, Stanford,45,UCLA,19
3,9/17/2011,Sat, Texas,49,UCLA,20
8,10/20/2011,Thu,Arizona,48,UCLA,12
1,9/3/2011,Sat,Houston,38,UCLA,34
18,12/31/2011,Sat,Illinois,20,UCLA,14
11,11/12/2011,Sat,Utah,31,UCLA,6
6,10/8/2011,Sat, Arizona State,35,Utah,14
8,10/22/2011,Sat,California,34,Utah,10
13,11/25/2011,Fri,Colorado,17,Utah,14
2,9/10/2011,Sat,USC,23,Utah,14
5,10/1/2011,Sat,Washington,31,Utah,14
1,9/3/2011,Sat,Auburn,42,Utah State,38
5,9/30/2011,Fri,Brigham Young,27,Utah State,24
4,9/24/2011,Sat,Colorado State,35,Utah State,34
7,10/15/2011,Sat,Fresno State,31,Utah State,21
8,10/22/2011,Sat,Louisiana Tech,24,Utah State,17
16,12/17/2011,Sat,Ohio,24,Utah State,23
9,10/29/2011,Sat, Arkansas,31,Vanderbilt,28
4,9/24/2011,Sat, South Carolina,21,Vanderbilt,3
6,10/8/2011,Sat,Alabama,34,Vanderbilt,0
18,12/31/2011,Sat,Cincinnati,31,Vanderbilt,24
18,12/31/2011,Sat,Cincinnati,31,Vanderbilt,24
10,11/5/2011,Sat,Florida,26,Vanderbilt,21
7,10/15/2011,Sat,Georgia,33,Vanderbilt,28
12,11/19/2011,Sat,Tennessee,27,Vanderbilt,21
1,9/1/2011,Thu,Temple,42,Villanova,7
18,12/31/2011,Sat,Auburn,43,Virginia,24
3,9/17/2011,Sat,North Carolina,28,Virginia,17
8,10/22/2011,Sat,North Carolina State,28,Virginia,14
4,9/24/2011,Sat,Southern Mississippi,30,Virginia,24
4,9/24/2011,Sat,Akron,36,Virginia Military Institute,13
11,11/12/2011,Sat, Clemson,31,Wake Forest,28
7,10/15/2011,Sat, Virginia Tech,38,Wake Forest,17
18,12/30/2011,Fri,Mississippi State,23,Wake Forest,17
9,10/29/2011,Sat,North Carolina,49,Wake Forest,24
10,11/5/2011,Sat,Notre Dame,24,Wake Forest,17
1,9/1/2011,Thu,Syracuse,36,Wake Forest,29
13,11/26/2011,Sat,Vanderbilt,41,Wake Forest,7
18,12/29/2011,Thu, Baylor,67,Washington,56
3,9/17/2011,Sat, Nebraska,51,Washington,38
10,11/5/2011,Sat, Oregon,34,Washington,17
11,11/12/2011,Sat, Southern California,40,Washington,17
12,11/19/2011,Sat,Oregon State,38,Washington,21
9,10/29/2011,Sat, Oregon,43,Washington State,28
7,10/15/2011,Sat, Stanford,44,Washington State,14
10,11/5/2011,Sat,California,30,Washington State,7
8,10/22/2011,Sat,Oregon State,44,Washington State,21
3,9/17/2011,Sat,San Diego State,42,Washington State,24
6,10/8/2011,Sat,UCLA,28,Washington State,25
12,11/19/2011,Sat,Utah,30,Washington State,27
13,11/26/2011,Sat,Washington,38,Washington State,21
2,9/10/2011,Sat,Utah State,54,Weber State,17
1,9/3/2011,Sat,Wyoming,35,Weber State,32
1,9/1/2011,Thu,Georgia Tech,63,Western Carolina,21
3,9/17/2011,Sat,Missouri,69,Western Illinois,0
11,11/12/2011,Sat,LSU,42,Western Kentucky,9
5,10/1/2011,Sat,Arkansas State,26,Western Kentucky,22
3,9/17/2011,Sat,Indiana State,44,Western Kentucky,16
1,9/1/2011,Thu,Kentucky,14,Western Kentucky,3
2,9/10/2011,Sat,Navy,40,Western Kentucky,14
4,9/24/2011,Sat, Illinois,23,Western Michigan,20
8,10/22/2011,Sat,Eastern Michigan,14,Western Michigan,10
1,9/3/2011,Sat,Michigan,34,Western Michigan,10
7,10/15/2011,Sat,Northern Illinois,51,Western Michigan,22
18,12/27/2011,Tue,Purdue,37,Western Michigan,32
11,11/8/2011,Tue,Toledo,66,Western Michigan,63
1,9/3/2011,Sat,Virginia,40,William & Mary,3
2,9/10/2011,Sat,Clemson,35,Wofford,27
4,9/24/2011,Sat, Nebraska,38,Wyoming,14
13,11/26/2011,Sat,Boise State,36,Wyoming,14
16,12/17/2011,Sat,Temple,37,Wyoming,15
16,12/17/2011,Sat,Temple,37,Wyoming,15
10,11/5/2011,Sat,TCU,31,Wyoming,20
6,10/8/2011,Sat,Utah State,63,Wyoming,19
1,9/2/2011,Fri,Michigan State,28,Youngstown State,6
